index,history_time,stop_loss,rising_rate_restriction,trailing_time,trailing_stop,slope_time,slope_rate
0,54,0.093,0.18,15,0.069,17,0.23
1,81,0.084,0.17,10,0.07200000000000001,14,0.0
2,48,0.092,0.18,12,0.079,17,0.03
3,87,0.094,0.1,6,0.058,19,0.09
4,81,0.07500000000000001,0.1,15,0.086,6,0.09
