index,history_time,stop_loss,rising_rate_restriction,trailing_time,trailing_stop,slope_time
0,54,0.062,0.12000000000000001,5,0.056,5
1,36,0.07400000000000001,0.1,14,0.051000000000000004,14
2,45,0.082,0.12000000000000001,14,0.081,16
3,18,0.085,0.17,15,0.079,13
4,48,0.07,0.11,14,0.078,14
5,66,0.095,0.11,9,0.045,3
6,78,0.079,0.1,11,0.042,8
7,12,0.056,0.11,8,0.042,18
8,30,0.07600000000000001,0.18,11,0.07500000000000001,15
9,81,0.098,0.14,13,0.09,14
