index,history_time,stop_loss,rising_rate_restriction,trailing_time,trailing_stop,slope_time,slope_rate
0,15,0.051000000000000004,0.1,14,0.07400000000000001,21,0.13
1,87,0.062,0.19,10,0.092,36,0.08
2,75,0.05,0.16,13,0.07200000000000001,27,0.07
3,84,0.08600000000000001,0.17,5,0.092,21,0.11
4,57,0.089,0.12000000000000001,12,0.069,24,0.28
