index,history_time,stop_loss,rising_rate_restriction,trailing_time,trailing_stop,slope_time
0,60,0.087,0.15000000000000002,12,0.067,16
1,75,0.094,0.16,11,0.061,19
2,81,0.05,0.15000000000000002,6,0.049,15
3,63,0.094,0.13,8,0.049,7
4,69,0.065,0.17,10,0.058,5
5,18,0.089,0.1,5,0.056,3
6,78,0.056,0.15000000000000002,6,0.097,7
7,12,0.079,0.13,7,0.095,19
8,12,0.058,0.1,7,0.088,15
9,63,0.079,0.13,8,0.065,16
